"","ensembl_gene_id","coeff","mgi_symbol","mgi_description"
"9","ENSMUSG00000000093",0.893920399530783,"Tbx2","T-box 2"
"15","ENSMUSG00000000142",0.870190112923688,"Axin2","axin 2"
"22","ENSMUSG00000000184",0.868363254497793,"Ccnd2","cyclin D2"
"31","ENSMUSG00000000266",0.858038626606561,"Mid2","midline 2"
"93","ENSMUSG00000000753",0.924609660892649,"Serpinf1","serine (or cysteine) peptidase inhibitor, clade F, member 1"
"96","ENSMUSG00000000782",0.910735753141721,"Tcf7","transcription factor 7, T cell specific"
"143","ENSMUSG00000001105",0.884244232713688,"Ift20","intraflagellar transport 20"
"180","ENSMUSG00000001334",0.854684804563717,"Fndc5","fibronectin type III domain containing 5"
"205","ENSMUSG00000001506",0.936274916195469,"Col1a1","collagen, type I, alpha 1"
"208","ENSMUSG00000001510",0.917114788004329,"Dlx3","distal-less homeobox 3"
"217","ENSMUSG00000001555",0.931444910996756,"Fkbp10","FK506 binding protein 10"
"282","ENSMUSG00000002017",0.851914815643388,"Fam98a","family with sequence similarity 98, member A"
"316","ENSMUSG00000002257",0.862552562994442,"Def6","differentially expressed in FDCP 6"
"320","ENSMUSG00000002279",0.857163482126851,"Lmf1","lipase maturation factor 1"
"339","ENSMUSG00000002384",0.861010905551509,"Bmp8b","bone morphogenetic protein 8b"
"357","ENSMUSG00000002546",0.921644002169507,"Golga2","golgi autoantigen, golgin subfamily a, 2"
"363","ENSMUSG00000002603",0.879760527260924,"Tgfb1","transforming growth factor, beta 1"
"378","ENSMUSG00000002732",0.893119570294241,"Fkbp7","FK506 binding protein 7"
"385","ENSMUSG00000002771",0.92494307264285,"Grin2d","glutamate receptor, ionotropic, NMDA2D (epsilon 4)"
"386","ENSMUSG00000002778",0.910946792452366,"Kdelr1","KDEL (Lys-Asp-Glu-Leu) endoplasmic reticulum protein retention receptor 1"
"410","ENSMUSG00000002908",0.907745742961868,"Kcnn1","potassium intermediate/small conductance calcium-activated channel, subfamily N, member 1"
"471","ENSMUSG00000003352",0.922000869567913,"Cacnb3","calcium channel, voltage-dependent, beta 3 subunit"
"473","ENSMUSG00000003355",0.897921984744458,"Fkbp11","FK506 binding protein 11"
"494","ENSMUSG00000003500",0.935538887420313,"Impdh1","inosine monophosphate dehydrogenase 1"
"594","ENSMUSG00000004473",0.852221277514937,"Clec11a","C-type lectin domain family 11, member a"
"642","ENSMUSG00000004892",0.87612653152503,"Bcan","brevican"
"670","ENSMUSG00000005124",0.906148322780973,"Ccn4","cellular communication network factor 4"
"671","ENSMUSG00000005125",0.91258294158604,"Ndrg1","N-myc downstream regulated gene 1"
"712","ENSMUSG00000005533",0.906430009793961,"Igf1r","insulin-like growth factor I receptor"
"717","ENSMUSG00000005583",0.887573711381194,"Mef2c","myocyte enhancer factor 2C"
"740","ENSMUSG00000005802",0.880537868499076,"Slc30a4","solute carrier family 30 (zinc transporter), member 4"
"760","ENSMUSG00000005958",0.88691438191079,"Ephb3","Eph receptor B3"
"762","ENSMUSG00000005973",0.911187325729526,"Rcn1","reticulocalbin 1"
"790","ENSMUSG00000006221",0.872365019901986,"Hspb7","heat shock protein family, member 7 (cardiovascular)"
"810","ENSMUSG00000006362",0.872548290578111,"Cbfa2t3","CBFA2/RUNX1 translocation partner 3"
"823","ENSMUSG00000006435",0.873562596758201,"Neurl1a","neuralized E3 ubiquitin protein ligase 1A"
"848","ENSMUSG00000006651",0.857470869354664,"Aplp1","amyloid beta (A4) precursor-like protein 1"
"871","ENSMUSG00000006931",0.918381535350762,"P3h4","prolyl 3-hydroxylase family member 4 (non-enzymatic)"
"872","ENSMUSG00000006932",0.850904178556693,"Ctnnb1","catenin (cadherin associated protein), beta 1"
"874","ENSMUSG00000006958",0.912977915544083,"Chrd","chordin"
"900","ENSMUSG00000007594",0.904832125706479,"Hapln4","hyaluronan and proteoglycan link protein 4"
"980","ENSMUSG00000009035",0.915760493257999,"Tmem184b","transmembrane protein 184b"
"1011","ENSMUSG00000009614",0.91210184771248,"Sardh","sarcosine dehydrogenase"
"1012","ENSMUSG00000009621",0.868515166524327,"Vav2","vav 2 oncogene"
"1026","ENSMUSG00000009828",0.868469048951301,"Cilk1","ciliogenesis associated kinase 1"
"1067","ENSMUSG00000010529",0.883214999913339,"Gm266","predicted gene 266"
"1075","ENSMUSG00000010660",0.913455061638307,"Plcd1","phospholipase C, delta 1"
"1081","ENSMUSG00000010830",0.88522350815798,"Kdelr3","KDEL (Lys-Asp-Glu-Leu) endoplasmic reticulum protein retention receptor 3"
"1086","ENSMUSG00000011096",0.858659862053391,"Akt1s1","AKT1 substrate 1 (proline-rich)"
"1096","ENSMUSG00000011257",0.879188699333478,"Pabpc4","poly(A) binding protein, cytoplasmic 4"
"1113","ENSMUSG00000012017",0.915841674672466,"Scarf2","scavenger receptor class F, member 2"
"1136","ENSMUSG00000013076",0.867096086942432,"Amotl1","angiomotin-like 1"
"1141","ENSMUSG00000013236",0.923041111573548,"Ptprs","protein tyrosine phosphatase, receptor type, S"
"1145","ENSMUSG00000013419",0.859001043686194,"Zfp651","zinc finger protein 651"
"1176","ENSMUSG00000014177",0.857956382422933,"Tvp23b","trans-golgi network vesicle protein 23B"
"1231","ENSMUSG00000014867",0.890705239598036,"Surf4","surfeit gene 4"
"1237","ENSMUSG00000014959",0.925421365205279,"Gorasp2","golgi reassembly stacking protein 2"
"1249","ENSMUSG00000015094",0.917137902946553,"Npdc1","neural proliferation, differentiation and control 1"
"1262","ENSMUSG00000015202",0.934694542323243,"Cnksr3","Cnksr family member 3"
"1352","ENSMUSG00000015981",0.896248429467271,"Stk32c","serine/threonine kinase 32C"
"1402","ENSMUSG00000016763",0.876862828583784,"Scube1","signal peptide, CUB domain, EGF-like 1"
"1407","ENSMUSG00000016933",0.914443882669824,"Plcg1","phospholipase C, gamma 1"
"1412","ENSMUSG00000017002",0.852127781718933,"Slpi","secretory leukocyte peptidase inhibitor"
"1446","ENSMUSG00000017478",0.858740381994899,"Zc3h18","zinc finger CCCH-type containing 18"
"1498","ENSMUSG00000017969",0.906716214619079,"Ptgis","prostaglandin I2 (prostacyclin) synthase"
"1536","ENSMUSG00000018378",0.911396029920339,"Cuedc1","CUE domain containing 1"
"1575","ENSMUSG00000018593",0.926019786735696,"Sparc","secreted acidic cysteine rich glycoprotein"
"1584","ENSMUSG00000018669",0.866203047740229,"Cdk5rap3","CDK5 regulatory subunit associated protein 3"
"1585","ENSMUSG00000018672",0.903541966692561,"Copz2","coatomer protein complex, subunit zeta 2"
"1616","ENSMUSG00000018906",0.92718017509748,"P4ha2","procollagen-proline, 2-oxoglutarate 4-dioxygenase (proline 4-hydroxylase), alpha II polypeptide"
"1686","ENSMUSG00000019539",0.935541924561594,"Rcn3","reticulocalbin 3, EF-hand calcium binding domain"
"1731","ENSMUSG00000019820",0.86079635714322,"Utrn","utrophin"
"1741","ENSMUSG00000019843",0.876696217472587,"Fyn","Fyn proto-oncogene"
"1765","ENSMUSG00000019891",0.882543308850859,"Dcbld1","discoidin, CUB  and LCCL domain containing 1"
"1770","ENSMUSG00000019916",0.900426103774763,"P4ha1","procollagen-proline, 2-oxoglutarate 4-dioxygenase (proline 4-hydroxylase), alpha 1 polypeptide"
"1789","ENSMUSG00000019975",0.925928222416204,"Ikbip","IKBKB interacting protein"
"1791","ENSMUSG00000019978",0.892907552479075,"Epb41l2","erythrocyte membrane protein band 4.1 like 2"
"1841","ENSMUSG00000020088",0.872769469921666,"Sar1a","secretion associated Ras related GTPase 1A"
"1847","ENSMUSG00000020099",0.868744709558448,"Unc5b","unc-5 netrin receptor B"
"1860","ENSMUSG00000020121",0.896233088128202,"Srgap1","SLIT-ROBO Rho GTPase activating protein 1"
"1885","ENSMUSG00000020170",0.851997068791477,"Frs2","fibroblast growth factor receptor substrate 2"
"1927","ENSMUSG00000020256",0.86723530139816,"Aldh1l2","aldehyde dehydrogenase 1 family, member L2"
"1930","ENSMUSG00000020260",0.928193719041805,"Pofut2","protein O-fucosyltransferase 2"
"1958","ENSMUSG00000020312",0.905589565172687,"Shc2","SHC (Src homology 2 domain containing) transforming protein 2"
"2064","ENSMUSG00000020527",0.850558233513472,"Myo19","myosin XIX"
"2086","ENSMUSG00000020576",0.916042744730695,"Nbas","neuroblastoma amplified sequence"
"2118","ENSMUSG00000020642",0.862494887710766,"Rnf144a","ring finger protein 144A"
"2120","ENSMUSG00000020646",0.874061224325467,"Mboat2","membrane bound O-acyltransferase domain containing 2"
"2149","ENSMUSG00000020695",0.876538899600916,"Mrc2","mannose receptor, C type 2"
"2193","ENSMUSG00000020785",0.887263230255814,"Camkk1","calcium/calmodulin-dependent protein kinase kinase 1, alpha"
"2222","ENSMUSG00000020844",0.860525682643932,"Nxn","nucleoredoxin"
"2280","ENSMUSG00000020961",0.897267567443806,"Ston2","stonin 2"
"2288","ENSMUSG00000020986",0.882339405697217,"Sec23a","SEC23 homolog A, COPII coat complex component"
"2335","ENSMUSG00000021109",0.896647356165547,"Hif1a","hypoxia inducible factor 1, alpha subunit"
"2355","ENSMUSG00000021144",0.865092735600258,"Mta1","metastasis associated 1"
"2437","ENSMUSG00000021338",0.89553113217574,"Carmil1","capping protein regulator and myosin 1 linker 1"
"2468","ENSMUSG00000021411",0.876068973720761,"Pxdc1","PX domain containing 1"
"2474","ENSMUSG00000021427",0.875157302289501,"Ssr1","signal sequence receptor, alpha"
"2517","ENSMUSG00000021540",0.887151657113337,"Smad5","SMAD family member 5"
"2535","ENSMUSG00000021578",0.86596968756762,"Ccdc127","coiled-coil domain containing 127"
"2562","ENSMUSG00000021643",0.85189948783207,"Serf1","small EDRK-rich factor 1"
"2587","ENSMUSG00000021699",0.908419433818626,"Pde4d","phosphodiesterase 4D, cAMP specific"
"2589","ENSMUSG00000021702",0.863678363499707,"Thbs4","thrombospondin 4"
"2655","ENSMUSG00000021838",0.911349882892493,"Samd4","sterile alpha motif domain containing 4"
"2717","ENSMUSG00000021990",0.883347893465749,"Spata13","spermatogenesis associated 13"
"2726","ENSMUSG00000022010",0.894185730906599,"Tsc22d1","TSC22 domain family, member 1"
"2739","ENSMUSG00000022031",0.891419494270754,"Elp3","elongator acetyltransferase complex subunit 3"
"2761","ENSMUSG00000022094",0.862390708581801,"Slc39a14","solute carrier family 39 (zinc transporter), member 14"
"2764","ENSMUSG00000022098",0.923413115278691,"Bmp1","bone morphogenetic protein 1"
"2812","ENSMUSG00000022197",0.895297977101388,"Pdzd2","PDZ domain containing 2"
"2816","ENSMUSG00000022203",0.911526947804722,"Efs","embryonal Fyn-associated substrate"
"2857","ENSMUSG00000022296",0.879709681376051,"Baalc","brain and acute leukemia, cytoplasmic"
"2859","ENSMUSG00000022299",0.866758293776633,"Slc25a32","solute carrier family 25, member 32"
"2934","ENSMUSG00000022440",0.903684723659903,"C1qtnf6","C1q and tumor necrosis factor related protein 6"
"3023","ENSMUSG00000022629",0.910965702798087,"Kif21a","kinesin family member 21A"
"3031","ENSMUSG00000022661",0.850089603071134,"Cd200","CD200 antigen"
"3051","ENSMUSG00000022687",0.894164070863845,"Boc","biregional cell adhesion molecule-related/down-regulated by oncogenes (Cdon) binding protein"
"3144","ENSMUSG00000022883",0.883942358535661,"Robo1","roundabout guidance receptor 1"
"3191","ENSMUSG00000022995",0.866903928561577,"Enah","ENAH actin regulator"
"3192","ENSMUSG00000022996",0.858670538026928,"Wnt10b","wingless-type MMTV integration site family, member 10B"
"3247","ENSMUSG00000023175",0.872449831684442,"Bsg","basigin"
"3249","ENSMUSG00000023191",0.913971940211034,"P3h3","prolyl 3-hydroxylase 3"
"3291","ENSMUSG00000023800",0.913376195861452,"Tiam2","T cell lymphoma invasion and metastasis 2"
"3368","ENSMUSG00000024027",0.892100522518253,"Glp1r","glucagon-like peptide 1 receptor"
"3471","ENSMUSG00000024232",0.871779643312841,"Bambi","BMP and activin membrane-bound inhibitor"
"3507","ENSMUSG00000024302",0.866500273071813,"Dtna","dystrobrevin alpha"
"3508","ENSMUSG00000024304",0.882817142605879,"Cdh2","cadherin 2"
"3515","ENSMUSG00000024327",0.890025282012986,"Slc39a7","solute carrier family 39 (zinc transporter), member 7"
"3578","ENSMUSG00000024487",0.866278017113216,"Yipf5","Yip1 domain family, member 5"
"3585","ENSMUSG00000024511",0.860813536406317,"Rab27b","RAB27B, member RAS oncogene family"
"3624","ENSMUSG00000024594",0.941621747271917,"Prrc1","proline-rich coiled-coil 1"
"3674","ENSMUSG00000024740",0.860245795904733,"Ddb1","damage specific DNA binding protein 1"
"3750","ENSMUSG00000024899",0.927764046273064,"Papss2","3'-phosphoadenosine 5'-phosphosulfate synthase 2"
"3756","ENSMUSG00000024907",0.891639868219647,"Gal","galanin and GMAP prepropeptide"
"3758","ENSMUSG00000024909",0.877974445162214,"Efemp2","epidermal growth factor-containing fibulin-like extracellular matrix protein 2"
"3789","ENSMUSG00000024968",0.902211258808791,"Rcor2","REST corepressor 2"
"3811","ENSMUSG00000025007",0.919192145885037,"Aldh18a1","aldehyde dehydrogenase 18 family, member A1"
"3850","ENSMUSG00000025130",0.883318319393546,"P4hb","prolyl 4-hydroxylase, beta polypeptide"
"3858","ENSMUSG00000025140",0.894644966417341,"Pycr1","pyrroline-5-carboxylate reductase 1"
"3864","ENSMUSG00000025151",0.893443249618025,"Maged1","melanoma antigen, family D, 1"
"3903","ENSMUSG00000025224",0.887346457185678,"Gbf1","golgi-specific brefeldin A-resistance factor 1"
"3925","ENSMUSG00000025265",0.89331687588789,"Fgd1","FYVE, RhoGEF and PH domain containing 1"
"3974","ENSMUSG00000025402",0.857259621026036,"Nab2","Ngfi-A binding protein 2"
"4001","ENSMUSG00000025477",0.857760158577753,"Inpp5a","inositol polyphosphate-5-phosphatase A"
"4007","ENSMUSG00000025489",0.859721115691971,"Ifitm5","interferon induced transmembrane protein 5"
"4011","ENSMUSG00000025496",0.883024122220817,"Drd4","dopamine receptor D4"
"4084","ENSMUSG00000025743",0.899375133344804,"Sdc3","syndecan 3"
"4102","ENSMUSG00000025790",0.915142410354116,"Slco3a1","solute carrier organic anion transporter family, member 3a1"
"4111","ENSMUSG00000025812",0.851075352895076,"Pard3","par-3 family cell polarity regulator"
"4112","ENSMUSG00000025813",0.891036204383795,"Homer2","homer scaffolding protein 2"
"4175","ENSMUSG00000025978",0.879944066241052,"Rftn2","raftlin family member 2"
"4189","ENSMUSG00000026014",0.855050376444791,"Raph1","Ras association (RalGDS/AF-6) and pleckstrin homology domains 1"
"4207","ENSMUSG00000026042",0.920590999350521,"Col5a2","collagen, type V, alpha 2"
"4304","ENSMUSG00000026259",0.852992316751075,"Ngef","neuronal guanine nucleotide exchange factor"
"4351","ENSMUSG00000026384",0.881884467496242,"Ptpn4","protein tyrosine phosphatase, non-receptor type 4"
"4390","ENSMUSG00000026483",0.859360438645347,"Fam129a","family with sequence similarity 129, member A"
"4437","ENSMUSG00000026589",0.879246034741408,"Sec16b","SEC16 homolog B (S. cerevisiae)"
"4446","ENSMUSG00000026615",0.855942885857859,"Eprs","glutamyl-prolyl-tRNA synthetase"
"4499","ENSMUSG00000026725",0.909340619782076,"Tnn","tenascin N"
"4551","ENSMUSG00000026828",0.857992437744499,"Galnt5","polypeptide N-acetylgalactosaminyltransferase 5"
"4558","ENSMUSG00000026837",0.908390139669318,"Col5a1","collagen, type V, alpha 1"
"4581","ENSMUSG00000026883",0.934760884655764,"Dab2ip","disabled 2 interacting protein"
"4597","ENSMUSG00000026924",0.863978069460096,"Sec16a","SEC16 homolog A, endoplasmic reticulum export factor"
"4632","ENSMUSG00000026994",0.89820201262333,"Galnt3","polypeptide N-acetylgalactosaminyltransferase 3"
"4718","ENSMUSG00000027230",0.918950294785089,"Creb3l1","cAMP responsive element binding protein 3-like 1"
"4729","ENSMUSG00000027254",0.890708415194229,"Map1a","microtubule-associated protein 1 A"
"4748","ENSMUSG00000027298",0.887170449484425,"Tyro3","TYRO3 protein tyrosine kinase 3"
"4783","ENSMUSG00000027358",0.851504969705411,"Bmp2","bone morphogenetic protein 2"
"4810","ENSMUSG00000027422",0.934319914505264,"Rrbp1","ribosome binding protein 1"
"4873","ENSMUSG00000027575",0.878396551973116,"Arfgap1","ADP-ribosylation factor GTPase activating protein 1"
"4884","ENSMUSG00000027603",0.901496375236641,"Ggt7","gamma-glutamyltransferase 7"
"4911","ENSMUSG00000027661",0.927238127072646,"Slc2a10","solute carrier family 2 (facilitated glucose transporter), member 10"
"5004","ENSMUSG00000027889",0.861514257093342,"Ampd2","adenosine monophosphate deaminase 2"
"5037","ENSMUSG00000027966",0.850954940457023,"Col11a1","collagen, type XI, alpha 1"
"5072","ENSMUSG00000028039",0.85925754035417,"Efna3","ephrin A3"
"5106","ENSMUSG00000028101",0.884110868279311,"Pias3","protein inhibitor of activated STAT 3"
"5132","ENSMUSG00000028161",0.853279412803923,"Ppp3ca","protein phosphatase 3, catalytic subunit, alpha isoform"
"5149","ENSMUSG00000028197",0.884998839801894,"Col24a1","collagen, type XXIV, alpha 1"
"5160","ENSMUSG00000028226",0.90062307585281,"Mmp16","matrix metallopeptidase 16"
"5234","ENSMUSG00000028399",0.866723308633335,"Ptprd","protein tyrosine phosphatase, receptor type, D"
"5278","ENSMUSG00000028469",0.924202048920192,"Npr2","natriuretic peptide receptor 2"
"5332","ENSMUSG00000028597",0.886547749940427,"Gpx7","glutathione peroxidase 7"
"5357","ENSMUSG00000028641",0.90695181222737,"P3h1","prolyl 3-hydroxylase 1"
"5397","ENSMUSG00000028703",0.891699596494222,"Lrrc41","leucine rich repeat containing 41"
"5418","ENSMUSG00000028766",0.879290187015687,"Alpl","alkaline phosphatase, liver/bone/kidney"
"5421","ENSMUSG00000028773",0.869861058100267,"Fabp3","fatty acid binding protein 3, muscle and heart"
"5495","ENSMUSG00000028919",0.910059067648895,"Arhgef19","Rho guanine nucleotide exchange factor (GEF) 19"
"5568","ENSMUSG00000029061",0.863659733438142,"Mmp23","matrix metallopeptidase 23"
"5574","ENSMUSG00000029070",0.917686555875482,"Mxra8","matrix-remodelling associated 8"
"5585","ENSMUSG00000029093",0.91706482189474,"Sorcs2","sortilin-related VPS10 domain containing receptor 2"
"5588","ENSMUSG00000029096",0.915791153126213,"Htra3","HtrA serine peptidase 3"
"5591","ENSMUSG00000029101",0.859808636416684,"Rgs12","regulator of G-protein signaling 12"
"5617","ENSMUSG00000029161",0.895464217973208,"Cgref1","cell growth regulator with EF hand domain 1"
"5619","ENSMUSG00000029163",0.894170209462981,"Emilin1","elastin microfibril interfacer 1"
"5632","ENSMUSG00000029185",0.862311343092643,"Fam114a1","family with sequence similarity 114, member A1"
"5681","ENSMUSG00000029306",0.855863724637859,"Ibsp","integrin binding sialoprotein"
"5696","ENSMUSG00000029335",0.914058474299752,"Bmp3","bone morphogenetic protein 3"
"5698","ENSMUSG00000029343",0.917691531240187,"Crybb1","crystallin, beta B1"
"5781","ENSMUSG00000029502",0.868710935872917,"Golga3","golgi autoantigen, golgin subfamily a, 3"
"5858","ENSMUSG00000029661",0.936182492518615,"Col1a2","collagen, type I, alpha 2"
"5862","ENSMUSG00000029672",0.861711620054773,"Fam3c","family with sequence similarity 3, member C"
"5863","ENSMUSG00000029673",0.917754963992833,"Auts2","autism susceptibility candidate 2"
"5869","ENSMUSG00000029684",0.921248315712241,"Wasl","Wiskott-Aldrich syndrome-like (human)"
"5882","ENSMUSG00000029718",0.858060361270253,"Pcolce","procollagen C-endopeptidase enhancer protein"
"5906","ENSMUSG00000029777",0.865669043318351,"Gars","glycyl-tRNA synthetase"
"5909","ENSMUSG00000029781",0.941527602018788,"Fkbp9","FK506 binding protein 9"
"5951","ENSMUSG00000029924",0.888759070156426,"Slc37a3","solute carrier family 37 (glycerol-3-phosphate transporter), member 3"
"5981","ENSMUSG00000030058",0.869038885370252,"Copg1","coatomer protein complex, subunit gamma 1"
"5991","ENSMUSG00000030082",0.903582687311719,"Sec61a1","Sec61 alpha 1 subunit (S. cerevisiae)"
"6030","ENSMUSG00000030172",0.850374474503373,"Erc1","ELKS/RAB6-interacting/CAST family member 1"
"6066","ENSMUSG00000030268",0.875400374253655,"Bcat1","branched chain aminotransferase 1, cytosolic"
"6150","ENSMUSG00000030513",0.89559854959279,"Pcsk6","proprotein convertase subtilisin/kexin type 6"
"6171","ENSMUSG00000030554",0.868834445185148,"Synm","synemin, intermediate filament protein"
"6183","ENSMUSG00000030588",0.856213519700593,"Yif1b","Yip1 interacting factor homolog B (S. cerevisiae)"
"6202","ENSMUSG00000030616",0.868798466876268,"Sytl2","synaptotagmin-like 2"
"6216","ENSMUSG00000030657",0.869167292723171,"Xylt1","xylosyltransferase 1"
"6245","ENSMUSG00000030717",0.855880959357359,"Nupr1","nuclear protein transcription regulator 1"
"6272","ENSMUSG00000030768",0.883638475319046,"Disp1","dispatched RND transporter family member 1"
"6286","ENSMUSG00000030796",0.885209255404675,"Tead2","TEA domain family member 2"
"6307","ENSMUSG00000030847",0.902644962061126,"Bag3","BCL2-associated athanogene 3"
"6373","ENSMUSG00000031075",0.871539596786657,"Ano1","anoctamin 1, calcium activated chloride channel"
"6401","ENSMUSG00000031149",0.858024207350282,"Praf2","PRA1 domain family 2"
"6406","ENSMUSG00000031156",0.903736445125955,"Slc35a2","solute carrier family 35 (UDP-galactose transporter), member A2"
"6524","ENSMUSG00000031453",0.861382696839869,"Rasa3","RAS p21 protein activator 3"
"6578","ENSMUSG00000031565",0.900595971165326,"Fgfr1","fibroblast growth factor receptor 1"
"6580","ENSMUSG00000031570",0.859173969581135,"Plpp5","phospholipid phosphatase 5"
"6592","ENSMUSG00000031595",0.875633587405962,"Pdgfrl","platelet-derived growth factor receptor-like"
"6658","ENSMUSG00000031737",0.890853305813304,"Irx5","Iroquois homeobox 5"
"6659","ENSMUSG00000031740",0.870962626616153,"Mmp2","matrix metallopeptidase 2"
"6718","ENSMUSG00000031853",0.86233196392961,"Map3k21","mitogen-activated protein kinase kinase kinase 21"
"6741","ENSMUSG00000031906",0.904591476220778,"Smpd3","sphingomyelin phosphodiesterase 3, neutral"
"6782","ENSMUSG00000031983",0.92502456949355,"2310022B05Rik","RIKEN cDNA 2310022B05 gene"
"6810","ENSMUSG00000032042",0.889283431776198,"Srpr","signal recognition particle receptor ('docking protein')"
"6819","ENSMUSG00000032060",0.859983436344583,"Cryab","crystallin, alpha B"
"6821","ENSMUSG00000032064",0.866634493601145,"Dixdc1","DIX domain containing 1"
"6828","ENSMUSG00000032086",0.868646372603376,"Bace1","beta-site APP cleaving enzyme 1"
"6868","ENSMUSG00000032207",0.851779569255346,"Lipc","lipase, hepatic"
"6897","ENSMUSG00000032265",0.874858592696127,"Tent5a","terminal nucleotidyltransferase 5A"
"6903","ENSMUSG00000032285",0.859630544336186,"Dnaja4","DnaJ heat shock protein family (Hsp40) member A4"
"6925","ENSMUSG00000032323",0.870506258958556,"Cyp11a1","cytochrome P450, family 11, subfamily a, polypeptide 1"
"6941","ENSMUSG00000032353",0.892209503146548,"Tmed3","transmembrane p24 trafficking protein 3"
"6949","ENSMUSG00000032373",0.856709906284928,"Car12","carbonic anhydrase 12"
"6950","ENSMUSG00000032374",0.863625648976039,"Plod2","procollagen lysine, 2-oxoglutarate 5-dioxygenase 2"
"6970","ENSMUSG00000032402",0.940120824350575,"Smad3","SMAD family member 3"
"6982","ENSMUSG00000032419",0.870187601515365,"Tbx18","T-box18"
"6987","ENSMUSG00000032431",0.927559121998052,"Crtap","cartilage associated protein"
"7012","ENSMUSG00000032492",0.86359901560074,"Pth1r","parathyroid hormone 1 receptor"
"7021","ENSMUSG00000032513",0.855734524321821,"Gorasp1","golgi reassembly stacking protein 1"
"7038","ENSMUSG00000032553",0.889198725814818,"Srprb","signal recognition particle receptor, B subunit"
"7062","ENSMUSG00000032593",0.87831986234333,"Amigo3","adhesion molecule with Ig like domain 3"
"7081","ENSMUSG00000032640",0.884381205314447,"Chsy1","chondroitin sulfate synthase 1"
"7097","ENSMUSG00000032702",0.941771781932691,"Kank1","KN motif and ankyrin repeat domains 1"
"7102","ENSMUSG00000032717",0.896833033967274,"Mdfi","MyoD family inhibitor"
"7106","ENSMUSG00000032726",0.913913315895774,"Bmp8a","bone morphogenetic protein 8a"
"7135","ENSMUSG00000032816",0.93130462495721,"Igdcc4","immunoglobulin superfamily, DCC subclass, member 4"
"7153","ENSMUSG00000032875",0.911107424694052,"Arhgef17","Rho guanine nucleotide exchange factor (GEF) 17"
"7211","ENSMUSG00000033147",0.884146452401782,"Slc22a15","solute carrier family 22 (organic anion/cation transporter), member 15"
"7223","ENSMUSG00000033207",0.859043415271449,"Mamdc2","MAM domain containing 2"
"7235","ENSMUSG00000033256",0.890909526832395,"Shf","Src homology 2 domain containing F"
"7239","ENSMUSG00000033278",0.904432354177975,"Ptprm","protein tyrosine phosphatase, receptor type, M"
"7244","ENSMUSG00000033295",0.874121105712949,"Ptprf","protein tyrosine phosphatase, receptor type, F"
"7268","ENSMUSG00000033389",0.886543242720972,"Arhgap44","Rho GTPase activating protein 44"
"7294","ENSMUSG00000033478",0.874191918656999,"Fam160b1","family with sequence similarity 160, member B1"
"7315","ENSMUSG00000033581",0.87086954912348,"Igf2bp2","insulin-like growth factor 2 mRNA binding protein 2"
"7335","ENSMUSG00000033684",0.867472229009277,"Qsox1","quiescin Q6 sulfhydryl oxidase 1"
"7348","ENSMUSG00000033722",0.87214450390739,"BC034090","cDNA sequence BC034090"
"7366","ENSMUSG00000033788",0.868208503899736,"Dysf","dysferlin"
"7411","ENSMUSG00000033964",0.889374684546169,"Zbtb41","zinc finger and BTB domain containing 41"
"7421","ENSMUSG00000033998",0.859097266265439,"Kcnk1","potassium channel, subfamily K, member 1"
"7437","ENSMUSG00000034066",0.915871759500748,"Farp2","FERM, RhoGEF and pleckstrin domain protein 2"
"7441","ENSMUSG00000034088",0.874997198128545,"Hdlbp","high density lipoprotein (HDL) binding protein"
"7446","ENSMUSG00000034109",0.85726820898137,"Golim4","golgi integral membrane protein 4"
"7462","ENSMUSG00000034161",0.869367817985145,"Scx","scleraxis"
"7464","ENSMUSG00000034164",0.909491064643542,"Emid1","EMI domain containing 1"
"7485","ENSMUSG00000034220",0.914798624829184,"Gpc1","glypican 1"
"7524","ENSMUSG00000034336",0.863694022284151,"Ina","internexin neuronal intermediate filament protein, alpha"
"7530","ENSMUSG00000034353",0.85188625475892,"Ramp1","receptor (calcitonin) activity modifying protein 1"
"7556","ENSMUSG00000034460",0.905334117368045,"Six4","sine oculis-related homeobox 4"
"7563","ENSMUSG00000034485",0.868053103420631,"Uaca","uveal autoantigen with coiled-coil domains and ankyrin repeats"
"7585","ENSMUSG00000034586",0.908065244379527,"Hid1","HID1 domain containing"
"7594","ENSMUSG00000034614",0.869990695035978,"Pik3ip1","phosphoinositide-3-kinase interacting protein 1"
"7612","ENSMUSG00000034667",0.864894658536749,"Xpot","exportin, tRNA (nuclear export receptor for tRNAs)"
"7646","ENSMUSG00000034781",0.912559806513185,"Gna11","guanine nucleotide binding protein, alpha 11"
"7663","ENSMUSG00000034839",0.90691165581304,"Larp6","La ribonucleoprotein domain family, member 6"
"7715","ENSMUSG00000035041",0.877902955157615,"Creb3l3","cAMP responsive element binding protein 3-like 3"
"7749","ENSMUSG00000035168",0.909064280907226,"Tanc1","tetratricopeptide repeat, ankyrin repeat and coiled-coil containing 1"
"7752","ENSMUSG00000035173",0.883565314151269,"Ccdc186","coiled-coil domain containing 186"
"7798","ENSMUSG00000035325",0.920567873391778,"Sec31a","Sec31 homolog A (S. cerevisiae)"
"7809","ENSMUSG00000035372",0.906163680920165,"1810055G02Rik","RIKEN cDNA 1810055G02 gene"
"7824","ENSMUSG00000035441",0.922667739618037,"Myo1d","myosin ID"
"7839","ENSMUSG00000035506",0.872385288783359,"Slc12a8","solute carrier family 12 (potassium/chloride transporters), member 8"
"7867","ENSMUSG00000035640",0.880555300539237,"Cbarp","calcium channel, voltage-dependent, beta subunit associated regulatory protein"
"7870","ENSMUSG00000035666",0.918351263786735,"Gtf3c4","general transcription factor IIIC, polypeptide 4"
"7888","ENSMUSG00000035745",0.888601679035657,"Grin3b","glutamate receptor, ionotropic, NMDA3B"
"7905","ENSMUSG00000035799",0.895570075018772,"Twist1","twist basic helix-loop-helix transcription factor 1"
"7962","ENSMUSG00000036057",0.878139645739121,"Ptpn23","protein tyrosine phosphatase, non-receptor type 23"
"8008","ENSMUSG00000036270",0.87273750957327,"Edc4","enhancer of mRNA decapping 4"
"8018","ENSMUSG00000036298",0.909082030943515,"Slc2a13","solute carrier family 2 (facilitated glucose transporter), member 13"
"8041","ENSMUSG00000036391",0.907728066249685,"Sec24a","Sec24 related gene family, member A (S. cerevisiae)"
"8078","ENSMUSG00000036560",0.85756739858179,"Lgi4","leucine-rich repeat LGI family, member 4"
"8089","ENSMUSG00000036596",0.86329909509278,"Cpz","carboxypeptidase Z"
"8096","ENSMUSG00000036617",0.91105943878163,"Etl4","enhancer trap locus 4"
"8209","ENSMUSG00000037035",0.856327593428841,"Inhbb","inhibin beta-B"
"8315","ENSMUSG00000037408",0.923444048921362,"Cnnm4","cyclin M4"
"8363","ENSMUSG00000037573",0.887081251071709,"Tob1","transducer of ErbB-2.1"
"8368","ENSMUSG00000037606",0.882034983715373,"Osbpl5","oxysterol binding protein-like 5"
"8437","ENSMUSG00000037852",0.896602347026307,"Cpe","carboxypeptidase E"
"8438","ENSMUSG00000037855",0.869789365665992,"Zfp365","zinc finger protein 365"
"8444","ENSMUSG00000037887",0.85445515042336,"Dusp8","dual specificity phosphatase 8"
"8446","ENSMUSG00000037892",0.901560419901821,"Pcdh18","protocadherin 18"
"8490","ENSMUSG00000038020",0.887072675617619,"Rapgefl1","Rap guanine nucleotide exchange factor (GEF)-like 1"
"8491","ENSMUSG00000038022",0.868776946535651,"Mindy4","MINDY lysine 48 deubiquitinase 4"
"8492","ENSMUSG00000038023",0.852405011230177,"Atp6v0a2","ATPase, H+ transporting, lysosomal V0 subunit A2"
"8497","ENSMUSG00000038037",0.890862648434838,"Socs1","suppressor of cytokine signaling 1"
"8508","ENSMUSG00000038068",0.890115976819455,"Rnf144b","ring finger protein 144B"
"8512","ENSMUSG00000038074",0.875101390182545,"Fkbp14","FK506 binding protein 14"
"8532","ENSMUSG00000038150",0.869890049810818,"Ormdl3","ORM1-like 3 (S. cerevisiae)"
"8541","ENSMUSG00000038173",0.867727156699235,"Enpp6","ectonucleotide pyrophosphatase/phosphodiesterase 6"
"8543","ENSMUSG00000038175",0.895541859727588,"Mylip","myosin regulatory light chain interacting protein"
"8583","ENSMUSG00000038276",0.874757575840694,"Asic3","acid-sensing (proton-gated) ion channel 3"
"8596","ENSMUSG00000038319",0.894457185080216,"Kcnh2","potassium voltage-gated channel, subfamily H (eag-related), member 2"
"8599","ENSMUSG00000038331",0.894211088971474,"Satb2","special AT-rich sequence binding protein 2"
"8683","ENSMUSG00000038552",0.879232585169277,"Fndc4","fibronectin type III domain containing 4"
"8684","ENSMUSG00000038560",0.889642952189406,"Sp6","trans-acting transcription factor 6"
"8740","ENSMUSG00000038738",0.863698662647787,"Shank1","SH3 and multiple ankyrin repeat domains 1"
"8767","ENSMUSG00000038828",0.871492789603296,"Tmem214","transmembrane protein 214"
"8860","ENSMUSG00000039137",0.879009442568472,"Whrn","whirlin"
"8863","ENSMUSG00000039153",0.90812196371722,"Runx2","runt related transcription factor 2"
"8873","ENSMUSG00000039168",0.882574946519687,"Dap","death-associated protein"
"8890","ENSMUSG00000039208",0.884775090163147,"Metrnl","meteorin, glial cell differentiation regulator-like"
"8902","ENSMUSG00000039234",0.914712927532511,"Sec24d","Sec24 related gene family, member D (S. cerevisiae)"
"8916","ENSMUSG00000039286",0.920212798149726,"Fndc3b","fibronectin type III domain containing 3B"
"9000","ENSMUSG00000039646",0.880691417633859,"Vasn","vasorin"
"9056","ENSMUSG00000039835",0.917804756970139,"Nhsl1","NHS-like 1"
"9440","ENSMUSG00000041313",0.887983517796645,"Slc7a1","solute carrier family 7 (cationic amino acid transporter, y+ system), member 1"
"9447","ENSMUSG00000041351",0.854743173320286,"Rap1gap","Rap1 GTPase-activating protein"
"9454","ENSMUSG00000041372",0.91298311831883,"B4galnt3","beta-1,4-N-acetyl-galactosaminyl transferase 3"
"9493","ENSMUSG00000041592",0.881357533086469,"Sdk2","sidekick cell adhesion molecule 2"
"9528","ENSMUSG00000041729",0.91635107724076,"Coro2b","coronin, actin binding protein, 2B"
"9573","ENSMUSG00000041891",0.906622721551123,"Lman1","lectin, mannose-binding, 1"
"9574","ENSMUSG00000041895",0.877011125245943,"Wipi1","WD repeat domain, phosphoinositide interacting 1"
"9659","ENSMUSG00000042275",0.917581932402089,"Pelo","pelota mRNA surveillance and ribosome rescue factor"
"9768","ENSMUSG00000042680",0.896681096512426,"Garem1","GRB2 associated regulator of MAPK1 subtype 1"
"9801","ENSMUSG00000042804",0.882843018439628,"Gpr153","G protein-coupled receptor 153"
"9868","ENSMUSG00000043333",0.867584419947798,"Rhbdl2","rhomboid like 2"
"9929","ENSMUSG00000043903",0.902672888470003,"Zfp469","zinc finger protein 469"
"9945","ENSMUSG00000044017",0.909283495108603,"Adgrd1","adhesion G protein-coupled receptor D1"
"9952","ENSMUSG00000044037",0.871363997543578,"Als2cl","ALS2 C-terminal like"
"9996","ENSMUSG00000044328",0.856894274191563,"Trp53i13","transformation related protein 53 inducible protein 13"
"9997","ENSMUSG00000044337",0.860463900353159,"Ackr3","atypical chemokine receptor 3"
"10012","ENSMUSG00000044452",0.920764511481096,"Zfp507","zinc finger protein 507"
"10016","ENSMUSG00000044468",0.895149600829204,"Tent5c","terminal nucleotidyltransferase 5C"
"10041","ENSMUSG00000044646",0.941866197053769,"Zbtb7c","zinc finger and BTB domain containing 7C"
"10065","ENSMUSG00000044807",0.888074766125943,"Zfp354c","zinc finger protein 354C"
"10091","ENSMUSG00000045005",0.874350388819416,"Fzd5","frizzled class receptor 5"
"10097","ENSMUSG00000045045",0.8663048498424,"Lrfn4","leucine rich repeat and fibronectin type III domain containing 4"
"10199","ENSMUSG00000045790",0.921491267348853,"Ccdc149","coiled-coil domain containing 149"
"10214","ENSMUSG00000045912",0.89010706154521,"C2cd4c","C2 calcium-dependent domain containing 4C"
"10249","ENSMUSG00000046157",0.850616787513233,"Tmem229b","transmembrane protein 229B"
"10337","ENSMUSG00000046785",0.882681603111466,"Epm2aip1","EPM2A (laforin) interacting protein 1"
"10344","ENSMUSG00000046807",0.872346115914191,"Lrrc75b","leucine rich repeat containing 75B"
"10350","ENSMUSG00000046841",0.940970048012112,"Ckap4","cytoskeleton-associated protein 4"
"10444","ENSMUSG00000047539",0.898599984553188,"Fbxo28","F-box protein 28"
"10480","ENSMUSG00000047749",0.921591668736878,"Zc3hav1l","zinc finger CCCH-type, antiviral 1-like"
"10513","ENSMUSG00000047990",0.856125130950665,"C2cd4a","C2 calcium-dependent domain containing 4A"
"10568","ENSMUSG00000048388",0.870443516236727,"Fam171b","family with sequence similarity 171, member B"
"10592","ENSMUSG00000048537",0.865142388040283,"Phldb1","pleckstrin homology like domain, family B, member 1"
"10619","ENSMUSG00000048756",0.878301864539728,"Foxo3","forkhead box O3"
"10624","ENSMUSG00000048782",0.868596774689487,"Insc","INSC spindle orientation adaptor protein"
"10660","ENSMUSG00000049044",0.888179352774749,"Rapgef4","Rap guanine nucleotide exchange factor (GEF) 4"
"10667","ENSMUSG00000049097",0.872308351894524,"Ankrd34a","ankyrin repeat domain 34A"
"10706","ENSMUSG00000049421",0.852749606802403,"Zfp260","zinc finger protein 260"
"10725","ENSMUSG00000049555",0.902192634277875,"Tmie","transmembrane inner ear"
"10767","ENSMUSG00000049807",0.861667905887278,"Arhgap23","Rho GTPase activating protein 23"
"10806","ENSMUSG00000050105",0.874306002423242,"Grrp1","glycine/arginine rich protein 1"
"10833","ENSMUSG00000050321",0.866007216774539,"Neto1","neuropilin (NRP) and tolloid (TLL)-like 1"
"10846","ENSMUSG00000050394",0.853819535503334,"Armcx6","armadillo repeat containing, X-linked 6"
"10853","ENSMUSG00000050530",0.928129818248999,"Fam171a1","family with sequence similarity 171, member A1"
"10860","ENSMUSG00000050556",0.941766987425221,"Kcnb1","potassium voltage gated channel, Shab-related subfamily, member 1"
"10886","ENSMUSG00000050751",0.880235053743248,"Pgbd5","piggyBac transposable element derived 5"
"10892","ENSMUSG00000050821",0.919674162555594,"Fam131a","family with sequence similarity 131, member A"
"10896","ENSMUSG00000050860",0.858364714487013,"Phospho1","phosphatase, orphan 1"
"10901","ENSMUSG00000050910",0.936985090614952,"Cdr2l","cerebellar degeneration-related protein 2-like"
"10904","ENSMUSG00000050931",0.89039550697357,"Sgms2","sphingomyelin synthase 2"
"10914","ENSMUSG00000050989",0.879767757588963,"Selenon","selenoprotein N"
"10921","ENSMUSG00000051043",0.880017671301178,"Gprc5c","G protein-coupled receptor, family C, group 5, member C"
"10924","ENSMUSG00000051067",0.927723790673388,"Lingo3","leucine rich repeat and Ig domain containing 3"
"10974","ENSMUSG00000051373",0.867422683907027,"Plpp7","phospholipid phosphatase 7 (inactive)"
"10984","ENSMUSG00000051427",0.902725714740909,"Ccdc157","coiled-coil domain containing 157"
"11020","ENSMUSG00000051726",0.929726620099413,"Kcnf1","potassium voltage-gated channel, subfamily F, member 1"
"11021","ENSMUSG00000051727",0.870620425026401,"Kctd14","potassium channel tetramerisation domain containing 14"
"11047","ENSMUSG00000052013",0.860629104696911,"Btla","B and T lymphocyte associated"
"11056","ENSMUSG00000052105",0.882064813634686,"Mtcl1","microtubule crosslinking factor 1"
"11069","ENSMUSG00000052271",0.863231232817679,"Bhlha15","basic helix-loop-helix family, member a15"
"11120","ENSMUSG00000052632",0.881260308524179,"Asap2","ArfGAP with SH3 domain, ankyrin repeat and PH domain 2"
"11151","ENSMUSG00000052911",0.915829322193786,"Lamb2","laminin, beta 2"
"11165","ENSMUSG00000052981",0.878039419035955,"Ube2ql1","ubiquitin-conjugating enzyme E2Q family-like 1"
"11178","ENSMUSG00000053110",0.894788886782647,"Yap1","yes-associated protein 1"
"11214","ENSMUSG00000053460",0.918168797969044,"Ggcx","gamma-glutamyl carboxylase"
"11286","ENSMUSG00000054196",0.93377492144099,"Cthrc1","collagen triple helix repeat containing 1"
"11293","ENSMUSG00000054256",0.929839908782667,"Msi1","musashi RNA-binding protein 1"
"11295","ENSMUSG00000054277",0.903482801065902,"Arfgap3","ADP-ribosylation factor GTPase activating protein 3"
"11338","ENSMUSG00000054675",0.884964119192152,"Tmem119","transmembrane protein 119"
"11408","ENSMUSG00000055319",0.885984389095061,"Sec23ip","Sec23 interacting protein"
"11413","ENSMUSG00000055368",0.910894498168554,"Slc6a2","solute carrier family 6 (neurotransmitter transporter, noradrenalin), member 2"
"11434","ENSMUSG00000055652",0.901378845622872,"Klhl25","kelch-like 25"
"11468","ENSMUSG00000055932",0.923650744941167,"Fto","fat mass and obesity associated"
"11479","ENSMUSG00000056050",0.898369328903699,"Mia3","melanoma inhibitory activity 3"
"11500","ENSMUSG00000056214",0.904123411390366,"Pard6g","par-6 family cell polarity regulator gamma"
"11561","ENSMUSG00000056832",0.87371930656963,"Ttc26","tetratricopeptide repeat domain 26"
"11603","ENSMUSG00000057230",0.914041743214235,"Aak1","AP2 associated kinase 1"
"11612","ENSMUSG00000057315",0.909093176007159,"Arhgap24","Rho GTPase activating protein 24"
"11629","ENSMUSG00000057457",0.861150862825419,"Phex","phosphate regulating endopeptidase homolog, X-linked"
"11643","ENSMUSG00000057604",0.850560169216641,"Lmcd1","LIM and cysteine-rich domains 1"
"11676","ENSMUSG00000057969",0.909379985283491,"Sema3b","sema domain, immunoglobulin domain (Ig), short basic domain, secreted, (semaphorin) 3B"
"11694","ENSMUSG00000058230",0.88941569034651,"Arhgap35","Rho GTPase activating protein 35"
"11703","ENSMUSG00000058297",0.856980438770199,"Spock2","sparc/osteonectin, cwcv and kazal-like domains proteoglycan 2"
"11767","ENSMUSG00000058897",0.874233349585122,"Col25a1","collagen, type XXV, alpha 1"
"11865","ENSMUSG00000059970",0.884316692210408,"Hspa2","heat shock protein 2"
"11885","ENSMUSG00000060166",0.918145336656385,"Zdhhc8","zinc finger, DHHC domain containing 8"
"11892","ENSMUSG00000060227",0.868486691711179,"Casc4","cancer susceptibility candidate 4"
"11899","ENSMUSG00000060284",0.904679461157884,"Sp7","Sp7 transcription factor 7"
"11918","ENSMUSG00000060510",0.871136714970509,"Zfp266","zinc finger protein 266"
"11926","ENSMUSG00000060568",0.920607352338381,"Fam78b","family with sequence similarity 78, member B"
"11937","ENSMUSG00000060671",0.877560831572638,"Atp8b2","ATPase, class I, type 8B, member 2"
"11954","ENSMUSG00000060862",0.875958916927598,"Zbtb40","zinc finger and BTB domain containing 40"
"11958","ENSMUSG00000060935",0.928358424963731,"Tmem263","transmembrane protein 263"
"11991","ENSMUSG00000061306",0.929028000289923,"Slc38a10","solute carrier family 38, member 10"
"12001","ENSMUSG00000061410",0.859588240630594,"Zcchc14","zinc finger, CCHC domain containing 14"
"12005","ENSMUSG00000061451",0.86253989872165,"Tmem151a","transmembrane protein 151A"
"12027","ENSMUSG00000061665",0.8760934283072,"Cd2ap","CD2-associated protein"
"12033","ENSMUSG00000061751",0.857944610431934,"Kalrn","kalirin, RhoGEF kinase"
"12093","ENSMUSG00000062380",0.872976537311312,"Tubb3","tubulin, beta 3 class III"
"12159","ENSMUSG00000063142",0.867269639071407,"Kcnma1","potassium large conductance calcium-activated channel, subfamily M, alpha member 1"
"12198","ENSMUSG00000063455",0.922018499748666,"D630045J12Rik","RIKEN cDNA D630045J12 gene"
"12209","ENSMUSG00000063558",0.913393573442123,"Aox1","aldehyde oxidase 1"
"12237","ENSMUSG00000063870",0.85229708255834,"Chd4","chromodomain helicase DNA binding protein 4"
"12474","ENSMUSG00000068748",0.895548014561979,"Ptprz1","protein tyrosine phosphatase, receptor type Z, polypeptide 1"
"12550","ENSMUSG00000069920",0.907649027388552,"B3gnt9","UDP-GlcNAc:betaGal beta-1,3-N-acetylglucosaminyltransferase 9"
"12559","ENSMUSG00000070047",0.922672414711696,"Fat1","FAT atypical cadherin 1"
"12582","ENSMUSG00000070436",0.924570498400839,"Serpinh1","serine (or cysteine) peptidase inhibitor, clade H, member 1"
"12643","ENSMUSG00000071074",0.878543761682789,"Yipf3","Yip1 domain family, member 3"
"12649","ENSMUSG00000071176",0.85091465910812,"Arhgef10","Rho guanine nucleotide exchange factor (GEF) 10"
"12692","ENSMUSG00000071648",0.86989853108305,"Rom1","rod outer segment membrane protein 1"
"12738","ENSMUSG00000072623",0.904290280590219,"Zfp9","zinc finger protein 9"
"12757","ENSMUSG00000072825",0.883416121555374,"Cep170b","centrosomal protein 170B"
"12908","ENSMUSG00000074483",0.858489710366801,"Bglap","bone gamma carboxyglutamate protein"
"12909","ENSMUSG00000074486",0.856345439396883,"Bglap2","bone gamma-carboxyglutamate protein 2"
"12912","ENSMUSG00000074505",0.853537709833613,"Fat3","FAT atypical cadherin 3"
"12974","ENSMUSG00000074925",0.884318906154868,"Ptar1","protein prenyltransferase alpha subunit repeat containing 1"
"13064","ENSMUSG00000078490",0.852793047974828,"Cfap74","cilia and flagella associated protein 74"
"13176","ENSMUSG00000079111",0.901326302079175,"Kdelr2","KDEL (Lys-Asp-Glu-Leu) endoplasmic reticulum protein retention receptor 2"
"13244","ENSMUSG00000080115",0.876337859045834,"Eef1akmt3","EEF1A lysine methyltransferase 3"
"13338","ENSMUSG00000086596",0.858527596479544,"Susd5","sushi domain containing 5"
"13409","ENSMUSG00000090210",0.926885880276373,"Itga10","integrin, alpha 10"
"13410","ENSMUSG00000090213",0.920472171925965,"Tmem189","transmembrane protein 189"
"13478","ENSMUSG00000092035",0.886758164076925,"Peg10","paternally expressed 10"
"13581","ENSMUSG00000096145",0.892476786553807,"Vkorc1","vitamin K epoxide reductase complex, subunit 1"
"13626","ENSMUSG00000097487",0.850052747513724,"Ptges3l","prostaglandin E synthase 3 like"
